term	marka
nyugdíj	0
bank	0
megtakarítás	0
hitel	0
pénzügyi	0
pénz	0
kormány	0
milliárd_forint	0
támogatás	0
család	0
nyugdíjas	0
gyermek	0
éves	0
forint	0
százalékos	0
jelentős	0
cél	0
élet	0
fizet	0
lakás	0
ügyfél	0
program	0
adat	0
rendszer	0
millió_forint	0
fél	0
munka	0
cég	0
jövedelem	0
átlagos	0
adó	0
költség	0
gyerek	0
egészségügyi	0
kis	0
számla	0
állami	0
csökken	0
érdemes	0
termék	0
szolgáltatás	0
lakosság	0
kamat	0
alacsony	0
piac	0
növekedés	0
jövő	0
forrás	0
díj	0
feltétel	0
eredmény	0
emelkedik	0
vállalkozás	0
segítség	0
megoldás	0
mutat	0
állam	0
gazdasági	0
felmérés	0
fizetés	0
kiadás	0
szülő	0
döntés	0
számít	0
szerződés	0
infláció	0
lakáshitel	0
megtakarítási	0
idős	0
beteg	0
otp	0
hatás	0
biztosító	0
kutatás	0
vár	0
biztosítás	0
számol	0
online	0
kedvező	0
államtitkár	0
hozam	0
biztosít	0
kórház	0
intézmény	0
mnb	0
változás	0
gazdaság	0
intézkedés	0
befektetési	0
járvány	0
vásárol	0
befektetés	0
bér	0
állampapír	0
orvos	0
magyarország	0
kedvezmény	0
befizetés	0
bevétel	0
háztartás	0
szolgáltató	0
eszköz	0
rendelkezik	0
futamidő	0
egészségügy	0
vásárlás	0
juttatás	0
milliárd	0
anyagi	0
fiatalok	0
egyszerű	0
munkavállaló	0
kölcsön	0
országos	0
rossz	0
válság	0
digitális	0
miniszter	0
támogat	0
fejlesztés	0
dönt	0
keret	0
lakossági	0
tervez	0
igényel	0
emelkedés	0
ingyenes	0
vagyon	0
terv	0
költ	0
pénzügy	0
törvény	0
férfi	0
szakmai	0
komoly	0
szektor	0
biztosítási	0
diák	0
pénztár	0
piaci	0
pénzügyi_tudatosság	0
javaslat	0
banki	0
közlemény	0
k&h	0
rendszeres	0
jogosult	0
csökkent	0
konstrukció	0
szervezet	0
önkéntes	0
állami_támogatás	0
emelés	0
szociális	0
információ	0
kalkulátor	0
munkahely	0
koronavírus	0
gdp	0
működik	0
kockázat	0
euró	0
koronavírus_járvány	0
jegybank	0
adókedvezmény	0
vállalat	0
munkáltató	0
járulék	0
köt	0
finanszírozás	0
moratórium	0
állomány	0
spórol	0
személyi_kölcsön	0
törlesztőrészlet	0
varga_mihály	0
havi_nyugdíj	0
nyugdíjprémium	0
csökkenés	0
havonta	0
készpénz	0
biztonság	0
javul	0
társadalmi	0
fidesz_–_magyar_polgári_szövetség	0
rövid	0
hiány	0
csökkentés	0
költségvetési	0
fiatal	0
bankmonitor	0
pénzintézet	0
életbiztosítás	0
bevezetés	0
csok	0
önkormányzat	0
korosztály	0
miniszterelnök	0
babaváró	0
társadalom	0
egészség	0
befektető	0
olcsó	0
kötelező	0
pénzügyminiszter	0
pénzügyminisztérium	0
bankszámla	0
tartalék	0
nyugdíjbiztosítás	0
magyar_nemzeti	0
oktatás	0
nyugdíjemelés	0
fel+vesz	0
nyugdíjrendszer	0
orbán_viktor	0
tudatos	0
működés	0
generáció	0
sikerül	0
tervezett	0
kereset	0
kötelezettség	0
nyugdíjpénztár	0
tájékoztatás	0
tartozik	0
vállalkozó	0
teljesítmény	0
magyar_gazdaság	0
környezet	0
szja	0
fix	0
romlik	0
kártya	0
tájékozódik	0
személyes	0
népszerű	0
számítás	0
autó	0
budapest	0
biztonságos	0
kötvény	0
orvosi	0
tulajdonos	0
thm	0
hosszú_táv	0
verseny	0
műtét	0
jog	0
beruházás	0
milliárd_forintos	0
lakástakarék	0
védelem	0
igénylés	0
nyugdíjkorhatár	0
minimálbér	0
hosszú_távú	0
választás	0
államadósság	0
pénztári	0
vizsgálat	0
bitcoin	0
novák_katalin	0
elektronikus	0
sajnos	0
képzés	0
részesül	0
ksh	0
árfolyam	0
eu	0
sikeres	0
pályázat	0
kormányzati	0
egészségbiztosítási	0
tudás	0
vesz_igény	0
felújítás	0
politikus	0
hitelösszeg	0
alkalmazott	0
százalék_emelkedik	0
bizalmi_index	0
takarekbank	0
anya	0
betegség	0
jogviszony	0
javasol	0
fogyasztó	0
kórházi	0
vezérigazgató	0
törlesztő	0
otthonteremtési	0
jogszabály	0
hatékony	0
adósság	0
félretesz	0
átlagkereset	0
tanács	0
tájékoztató	0
százalék_csökken	0
kereslet	0
dollár	0
magánszemély	0
milliós	0
öngondoskodás	0
igény_vesz	0
hasznos	0
inflációs	0
súlyos	0
forgalom	0
határidő	0
vizsgál	0
baj	0
béremelés	0
politikai	0
parlament	0
tanul	0
visszaesés	0
biztosított	0
olvas	0
magyar_szocialista_párt	0
projekt	0
kedvezményes	0
prémium	0
fedezet	0
százalékpont	0
központi	0
gazdasági_növekedés	0
szabályozás	0
törlesztés	0
ajándék	0
nehézség	0
szakértői	0
beavatkozás	0
tanácsadó	0
finanszírozási	0
jelzáloghitel	0
megszűnik	0
gyűjt	0
fedez	0
félelem	0
kormányzat	0
tőke	0
babakötvény	0
orbán	0
egészséges	0
erste	0
csomag	0
értékesítés	0
bevallás	0
adózás	0
veszélyhelyzet	0
személyi_jövedelemadó	0
munkaviszony	0
finanszíroz	0
hagyományos	0
várólista	0
növekedési	0
építőipar	0
bővülés	0
lakásvásárlás	0
anyagi_biztonság	0
kiemelkedő	0
fogyasztás	0
egészségbiztosítás	0
vásárló	0
gyógyszer	0
magyar_állampapír	0
egészségpénztár	0
nyugdíjas_év	0
értékpapír	0
fejlődés	0
cafeteria	0
megélhetés	0
háziorvos	0
adójóváírás	0
bankfiók	0
globális	0
élelmiszer	0
minisztérium	0
díjbevétel	0
országgyűlés	0
rendkívüli	0
együttműködés	0
bankkártya	0
nem_kap	0
hivatalos	0
fogyasztási	0
nyugdíjcélú	0
felelősség	0
oktatási	0
meg+tesz	0
veszély	0
szakdolgozó	0
megtakarít	0
előtakarékossági	0
hitelfelvétel	0
fenntartás	0
nem_akar	0
utalvány	0
egészségügyi_ellátás	0
megállapodás	0
szabadság	0
nyugdíjbiztosítási	0
sürgősségi	0
vírus	0
munkanélküliség	0
adós	0
nyereség	0
pedagógus	0
apa	0
baleset	0
babaváró_hitel	0
emmi	0
takarékoskodik	0
egészségügyi_dolgozó	0
visszatérítés	0
bizalom	0
szakszervezet	0
tanár	0
életkor	0
innovációs	0
államkincstár	0
gulyás_gergely	0
járványügyi	0
hitelkártya	0
megkötés	0
átalakítás	0
befizetett	0
öngondoskodási	0
tb	0
munkaerő	0
betét	0
lakossági_állampapír	0
kockázati	0
járványhelyzet	0
üzlet	0
kereskedelem	0
védekezés	0
bejelentés	0
házasság	0
gyermekvállalás	0
gazdag	0
hitelintézet	0
életbiztosítási	0
hallgató	0
kamara	0
korhatár	0
szociális_hozzájárulási	0
igénybevétel	0
bevezet	0
foglalkoztatás	0
internet	0
bejelent	0
megfelel	0
termelés	0
mérséklődik	0
jegybanki	0
futamidejű	0
jövedelmi	0
ipari	0
posta	0
nyugdíjpénztári	0
kata	0
félre+tesz	0
kétharmad	0
pénzügyi_ismeret	0
adatvédelmi	0
önkéntes_nyugdíjpénztár	0
technológia	0
fogyasztóbarát	0
megfizet	0
adócsökkentés	0
állampolgár	0
stratégia	0
társadalombiztosítási	0
otthonfelújítási	0
öregségi_nyugdíj	0
megtakarító	0
okos	0
önkormányzati	0
időskori	0
diákhitel	0
jövőbeli	0
kampány	0
szegény	0
nyugdíjjárulék	0
aegon	1
applikáció	0
pénziránytű	0
előrejelzés	0
átlagnyugdíj	0
gazdaságvédelmi	0
utalás	0
csatlakozik	0
nyugdíjcélú_megtakarítás	0
allianz	1
ellenzék	0
munkaidő	0
átutalás	0
építőipari	0
büdzsé	0
pénztártag	0
vagyonnyilatkozat	0
rendelésállomány	0
költés	0
törvényjavaslat	0
pandémia	0
pm	0
értékpapírszámla	0
baloldal	0
közteher	0
adóhivatal	0
deviza	0
ellátórendszer	0
technológiai	0
gyógyászati	0
tranzakció	0
modern	0
mkb	0
áremelkedés	0
munkaerőpiac	0
értékesítési	0
életszínvonal	0
digitalizáció	0
munkaerőpiaci	0
nehéz_helyzet	0
tulajdon	0
nyugellátás	0
mentesség	0
praxis	0
szolgálati_idő	0
fenntartható	0
kriptovaluta	0
bruttó_átlagkereset	0
befektetési_alap	0
házaspár	0
oltás	0
számvevőszék	0
munkanélküli	0
családtag	0
százalékos_növekedés	0
monetáris	0
anyagilag	0
veszít	0
élethelyzet	0
intéz	0
borítókép	0
demográfiai	0
világgazdaság	0
mélypont	0
átlagbér	0
garantált	0
háziorvosi	0
veszteség	0
kormányrendelet	0
folyósítás	0
felhasznál	0
biztonsági	0
beszerzés	0
jogosultság	0
terhel	0
innovatív	0
pénztárszövetség	0
engedély	0
otthoni	0
fundamenta	0
visszafizetés	0
elfogadás	0
szocialista	0
törlesztési	0
nyaralás	0
takarék	0
tőzsdei	0
jobbik_magyarországért_mozgalom	0
befizet	0
adómentes	0
járadék	0
lakásár	0
bankbetét	0
foglalkoztatott	0
gépjármű	0
befektet	0
innováció	0
funkció	0
konjunktúraindex	0
férj	0
stabilitás	0
katás	0
kkv	0
startup	0
háztartási	0
tállai_andrás	0
dinamikus	0
kamatmentes	0
versenyképesség	0
falusi	0
munkavégzés	0
kalkulál	0
korrekció	0
újraindítás	0
csoportos	0
munkabér	0
baba	0
folyósít	0
khr	0
szegénység	0
lakáscélú	0
díjmentes	0
mabisz	0
felvehető	0
vendéglátás	0
beruházási	0
hálapénz	0
kommunikáció	0
bank_mnb	0
egészségpénztári	0
kamatozás	0
vásárlóérték	0
egészségügyi_szolgáltatás	0
hatóság	0
hatalom	0
jutalom	0
követel	0
törleszt	0
rövid_idő	0
technikai	0
megkötött	0
folyószámla	0
tanulás	0
végrehajtás	0
fektet	0
csökkenő	0
egészségügyi_kiadás	0
államháztartás	0
baleseti	0
megtanul	0
bérleti_díj	0
megemel	0
falu	0
magyar_család	0
egyensúly	0
érdeklődő	0
öregségi	0
családvédelmi_akcióterv	0
változtatás	0
nagyszülő	0
zuhanás	0
bankszövetség	0
drágulás	0
felügyelet	0
központi_statisztikai_hivatal	0
tárgyal	0
tagdíj	0
előtakarékosság	0
kiszámol	0
haszon	0
el+vesz	0
hátrányos	0
pénzügyi_helyzet	0
jelenség	0
készpénzállomány	0
fiataloknak	0
okostelefon	0
gyengül	0
megvizsgál	0
hitelezés	0
reform	0
betegellátás	0
drasztikus	0
hitelállomány	0
kormányzás	0
internetes	0
bankköltség	0
tisztességes	0
család_támogatás	0
lakhatás	0
járóbeteg	0
magyar_lakosság	0
szerződéskötés	0
fenntarthatóság	0
fintech	0
baloldali	0
otthonteremtés	0
covid	0
kamatperiódusú	0
előtörlesztés	0
takarékoskodás	0
reálérték	0
táppénz	0
családtámogatás	0
zsebpénz	0
bonyolult	0
cig_pannonia	1
covid_19	0
nem_fizet	0
jövőbeni	0
generali	1
hitelmoratórium	0
nn	1
orbán_kormány	0
magánegészségügy	0
magánnyugdíjpénztár	0
gazdaságvédelmi_akcióterv	0
társadalombiztosítás	0
egészségbiztosítási_járulék	0
karácsony_gergely	0
magánegészségügyi	0
nyugdíjkiegészítés	0
nyugdíjkötvény	0
egészségbiztosító	0
kockázatos	0
hitelkeret	0
lakásbiztosítás	0
hitelkiváltás	0
magánellátás	0
önkéntes_nyugdíjpénztári	0
groupama	1
nyugdíjalap	0
nyugdíjkassza	0
egészségügyi_rendszer	0
hitelszerződés	0
segítség_nyújt	0
országgyűlési_képviselő	0
nyugdíjszakértő	0
egészségügyi_kockázat	0
nyugdíjminimum	0
európai_bizottság	0
folyószámlahitel	0
egészségi_állapot	0
kriptopénz	0
központi_költségvetés	0
hitelbírálat	0
családi_ház	0
hiteltörlesztés	0
egészségügyi_intézmény	0
hitelkamat	0
gyurcsány_ferenc	0
felelősségbiztosítás	0
megtakarítás_jelent	0
balesetbiztosítás	0
magánszolgáltató	0
nyugdíjazás	0
családi_pótlék	0
közpénz	0
nyugdíj_összeg	0
nyugdíjmegtakarítás	0
áruhitel	0
union_vig	1
pénzügyi_biztonság	0
készpénzmentes	0
biztosítótársaság	0
egyéni_vállalkozó	0
készpénzfelvétel	0
utasbiztosítás	0
lakástakarékpénztár	0
devizahitel	0
magánnyugdíjpénztári	0
pénzforgalmi	0
jövőkép	0
takarékoskodó	0
egészségi	0
nyugdíjtörvény	0
magánnyugdíj	0
minimálnyugdíj	0
nyugdíjkorrekció	0
biztosítói	0
#pénzcentrum	0
lakástakarékpénztári	0
magánszektor	0
magánkórház	0
biztosítva	0
egészségmegőrzés	0
nyugdíjpénztárak	0
nyugdíjszámítás	0
takarékosság	0
kockázatmentes	0
egészségkárosodás	0
nyugdíjszámla	0
nyugdíjcél	0
egészségügyi_szolgáltatási	0
elektromos_autó	0
kisnyugdíjas	0
kamatkockázat	0
hitelképesség	0
otthonbiztosítás	0
európai_központi_bank	0
nemzeti_bank	0
palkovics_lászló	0
nyugdíjjogosultság	0
készpénzhasználat	0
magánklinika	0
kockázatmentesen	0
vagyonbiztosítás	0
uniqa	1
$_euro_sign	0
nyugdíjbiztosító	0
alapnyugdíj	0
#megtakarítás	0
nyugdíjkalkulátor	0
takarékbetét	0
biztosításközvetítő	0
autóhitel	0
lakásbiztosítási	0
nyugdíjfelkészültségi	0
kijárási_korlátozás	0
magánorvos	0
átlagnyugdíjas	0
nyugdíjreform	0
takarékos	0
egészségközpont	0
kockázatvállalás	0
nyugdíjjövedelem	0
nyugdíjfolyósító	0
felelősségbiztosítási	0
magánintézmény	0
magánrendelés	0
kockázatkerülő	0
balesetbiztosítási	0
magánrendelő	0
nyugdíjmegtakarítási	0
cherrisk	1
forint_megtakarítás	0
magánorvosi	0
magánpraxis	0
signal_iduna	1
egészségipar	0
magánbiztosítás	0
személybiztosítás	0
kockázatkerülés	0
személyautó	0
magánkassza	0
magánkiadás	0
magántulajdon	0
metlife	1
grawe	1
posta_biztosito	1
